url,dank_or_not
https://i.redd.it/vcs7rt3yuqe61.jpg,1
https://i.redd.it/vwahvyoh3db61.jpg,1
https://i.redd.it/zxu0iizk2ie61.jpg,1
https://i.redd.it/j3zb0s949ra61.jpg,1
https://i.redd.it/cnn3a63ltt961.jpg,1
https://i.redd.it/jb0i2x5djpe61.png,1
https://i.redd.it/u69avtiw2pe61.jpg,1
https://i.redd.it/8phyzg7olpe61.jpg,1
https://i.redd.it/t64ivtsdjcb61.jpg,1
https://i.redd.it/4mb9wo1qzqe61.jpg,1
https://i.redd.it/a9nmho06hpe61.jpg,1
https://i.redd.it/t90at9ruus961.jpg,1
https://i.redd.it/32hes1hy6s961.jpg,1
https://i.redd.it/4ix9r3u5uyd61.jpg,1
https://i.redd.it/7dr456ao6yd61.jpg,1
https://i.redd.it/3kgmrvqv1pe61.jpg,1
https://i.redd.it/47sowkbchxd61.jpg,1
https://i.redd.it/kpt5ixn3bzd61.jpg,1
https://i.redd.it/phgfrfcz6oe61.png,1
https://i.redd.it/8wdy5wvvcpe61.png,1
https://i.redd.it/fkcelr25hne61.png,1
https://i.redd.it/wlxppcclnxd61.jpg,1
https://i.redd.it/56atzqjutxd61.png,1
https://i.redd.it/g2ffxqdz8kc61.png,1
https://i.redd.it/mqknmz5ucpe61.jpg,1
https://i.redd.it/0hk2fiw4hz961.jpg,1
https://i.redd.it/201ym4n516b61.png,1
https://i.redd.it/rez9nnt9rne61.jpg,1
https://i.redd.it/d5qgww0rsxd61.png,1
https://i.redd.it/zn03byghxrb61.jpg,1
https://i.redd.it/e7pztb8uuoe61.jpg,1
https://i.redd.it/ppnfywofphe61.jpg,1
https://i.redd.it/cbz3p3u6ls961.jpg,1
https://i.redd.it/2imzuo4odkb61.jpg,1
https://i.redd.it/lhq3vgndxhe61.jpg,1
https://i.redd.it/zp7p58v7tpe61.jpg,1
https://i.redd.it/7w63tapoare61.jpg,1
https://i.redd.it/a31c9eas2kb61.jpg,1
https://i.redd.it/41bdxaipqyd61.jpg,1
https://i.redd.it/pnkffya61oe61.jpg,1
https://i.redd.it/6xqdrf25eyd61.jpg,1
https://i.redd.it/x56cx8obzyd61.png,1
https://i.redd.it/hc78twqr30a61.jpg,1
https://i.redd.it/u79dvgp3nyd61.jpg,1
https://i.redd.it/nhzobj2oype61.jpg,1
https://i.redd.it/133ymoo5qs961.jpg,1
https://i.redd.it/og9uzgvc5ne61.jpg,1
https://i.redd.it/v7ca6vubidc61.jpg,1
https://i.redd.it/0ibem8o1dpe61.jpg,1
https://i.redd.it/60azfe62ipe61.jpg,1
https://i.redd.it/qxqowm3zwoe61.jpg,1
https://i.redd.it/qtcauy80hoe61.jpg,1
https://i.redd.it/jex6c5u6yoe61.png,1
https://i.redd.it/bzkbvmmfrcc61.png,1
https://i.redd.it/0ydzwpqytzd61.jpg,1
https://i.redd.it/8i1ebtxj8zd61.jpg,1
https://i.redd.it/o3fq9r3edzd61.jpg,1
https://i.redd.it/yh1oox89kxd61.jpg,1
https://i.redd.it/2mcg19u9fpe61.jpg,1
https://i.redd.it/ews50ds4xqe61.jpg,1
https://i.redd.it/1lt5eklmm0a61.jpg,1
https://i.redd.it/eih3y036lzd61.jpg,1
https://i.redd.it/8g84req3k4e61.png,1
https://i.redd.it/mzpwo09h0pe61.jpg,1
https://i.redd.it/f50d1he7crb61.jpg,1
https://i.redd.it/4gbzioacnjc61.jpg,1
https://i.redd.it/3pmqvj91hoe61.png,1
https://i.redd.it/0hhfbcb7kzd61.png,1
https://i.redd.it/zkqzj0jf1zd61.jpg,1
https://i.redd.it/3co52sgxedc61.png,1
https://i.redd.it/mejbjir3lyd61.jpg,1
https://i.redd.it/6h01iho4pzd61.jpg,1
https://i.redd.it/4s096jijlne61.jpg,1
https://i.redd.it/zr3mmqsjipe61.jpg,1
https://i.redd.it/ycvpgofxqkc61.jpg,1
https://i.redd.it/izvwksxksoe61.jpg,1
https://i.redd.it/6bsbzdlp7yd61.jpg,1
https://i.redd.it/9bm0ygjkhzd61.jpg,1
https://i.redd.it/wm8ppyv65db61.jpg,1
https://i.redd.it/89wpow11dcc61.jpg,1
https://i.redd.it/olis8u3mdyd61.jpg,1
https://i.redd.it/omordbzrooe61.jpg,1
https://i.redd.it/bx13qkxlqy961.jpg,1
https://i.redd.it/lklry9wimzd61.jpg,1
https://i.redd.it/pe0of2ohvdc61.jpg,1
https://i.redd.it/hbk4r4lvxq961.jpg,1
https://i.redd.it/8mrobufr7yd61.jpg,1
https://i.redd.it/l3ldy3l60ma61.jpg,1
https://i.redd.it/7au7byrarhe61.png,1
https://i.redd.it/6mwq5ywovs961.jpg,1
https://i.redd.it/dgsvzk2z7ne61.jpg,1
https://i.redd.it/x20bmurs9pe61.png,1
https://i.redd.it/fkk670d450a61.jpg,1
https://i.redd.it/ik6qgzyvtza61.jpg,1
https://i.redd.it/5qyusuq9nne61.jpg,1
https://i.redd.it/0l93tpi76pe61.jpg,1
https://i.redd.it/yhleno79lyd61.png,1
https://i.redd.it/wr6qv9r16pe61.jpg,1
https://i.redd.it/2ydqfru5oy961.jpg,1
https://i.redd.it/tl393m6n5zd61.jpg,1
https://i.redd.it/57kt1mqckxd61.jpg,1
https://i.redd.it/vh9jag85er961.jpg,1
https://i.redd.it/q34o8tbewqe61.jpg,1
https://i.redd.it/o0h8g48enpe61.jpg,1
https://i.redd.it/vlml8pmnyzd61.png,1
https://i.redd.it/m6x6viuodpe61.jpg,1
https://i.redd.it/z3w9cr0sene61.jpg,1
https://i.redd.it/p9887f64rpe61.jpg,1
https://i.redd.it/aevsjdlsayd61.jpg,1
https://i.redd.it/qhj2i7k3kpe61.jpg,1
https://i.redd.it/cw1e7kuvuhe61.jpg,1
https://i.redd.it/8h112o0u4ra61.jpg,1
https://i.redd.it/gmotvnbxlne61.jpg,1
https://i.redd.it/7zyp8f4afyd61.jpg,1
https://i.redd.it/hliuqspw5zd61.jpg,1
https://i.redd.it/m4rsjqkg3pe61.jpg,1
https://i.redd.it/8pbn9ywjvxd61.jpg,1
https://i.redd.it/jxszx2q9spe61.jpg,1
https://i.redd.it/zt55gv2rlqe61.jpg,1
https://i.redd.it/kb37gqigecc61.jpg,1
https://i.redd.it/8xjyv8ub5s961.jpg,1
https://i.redd.it/k92wvinwdjc61.png,1
https://i.redd.it/13rqsncr2kc61.jpg,1
https://i.redd.it/kkiszhyz4pe61.jpg,1
https://i.redd.it/bn9satmdgrb61.png,1
https://i.redd.it/1ov433iccqe61.jpg,1
https://i.redd.it/3el0tpzjoqe61.jpg,1
https://i.redd.it/3mxlrsftd7b61.png,1
https://i.redd.it/5z5qlzg7zne61.jpg,1
https://i.redd.it/5jifb8ev00a61.jpg,1
https://i.redd.it/pfwlzdoktxd61.jpg,1
https://i.redd.it/v51ztolixxd61.jpg,1
https://i.redd.it/qn78owde8qe61.jpg,1
https://i.redd.it/efr9z60ucoe61.jpg,1
https://i.redd.it/1vta820vrpe61.jpg,1
https://i.redd.it/vhfsqakwzne61.jpg,1
https://i.redd.it/9ke4nna17oe61.png,1
https://i.redd.it/ugarireq2t961.jpg,1
https://i.redd.it/erczxpvsls961.jpg,1
https://i.redd.it/t2mk9jo1zrb61.jpg,1
https://i.redd.it/bc8ldkw50yd61.jpg,1
https://i.redd.it/g3qzfgmqiqe61.jpg,1
https://i.redd.it/a3840c08foe61.jpg,1
https://i.redd.it/l9xcaambkxd61.png,1
https://i.redd.it/itx0mr0yl5b61.jpg,1
https://i.redd.it/szc3ceyfwoe61.jpg,1
https://i.redd.it/28omrplbkdc61.jpg,1
https://i.redd.it/sstz5a4i6oe61.jpg,1
https://i.redd.it/215q0sb09re61.jpg,1
https://i.redd.it/q89158yphyd61.jpg,1
https://i.redd.it/jfj6kmpoes961.png,1
https://i.redd.it/44xwnetj4qe61.jpg,1
https://i.redd.it/x5o6l2laykc61.jpg,1
https://i.redd.it/akglmprngz961.jpg,1
https://i.redd.it/o18je80x9u961.jpg,1
https://i.redd.it/c8kppo3hbpe61.jpg,1
https://i.redd.it/sflo4fmm5oe61.jpg,1
https://i.redd.it/b6wonmt4xjc61.jpg,1
https://i.redd.it/ay7nwz3okqe61.jpg,1
https://i.redd.it/6fj3g8xdyoe61.png,1
https://i.redd.it/shejjjwnwoe61.jpg,1
https://i.redd.it/53pjxq6exme61.png,1
https://i.redd.it/d0buh0e710e61.jpg,1
https://i.redd.it/7uw7bbsq8t961.png,1
https://i.redd.it/zt453h0cnoe61.png,1
https://i.redd.it/0z7xgto3ixd61.jpg,1
https://i.redd.it/e1h83db7qhe61.jpg,1
https://i.redd.it/2wbmtpasdpe61.jpg,1
https://i.redd.it/9hsca7xjloe61.jpg,1
https://i.redd.it/a0i1cwonvne61.jpg,1
https://i.redd.it/6415z0euxqe61.jpg,1
https://i.redd.it/x2w9p8rsryd61.jpg,1
https://i.redd.it/hrr2fzsawpe61.jpg,1
https://i.redd.it/cav27gb2jyd61.jpg,1
https://i.redd.it/me8ogpzigyd61.jpg,1
https://i.redd.it/dndqa703joe61.jpg,1
https://i.redd.it/5a6033otzne61.jpg,1
https://i.redd.it/nyali0fohs961.jpg,1
https://i.redd.it/usfviy6aqjb61.jpg,1
https://i.redd.it/avavixap8yd61.jpg,1
https://i.redd.it/gmoez90ybne61.jpg,1
https://i.redd.it/np5tviuwjzd61.jpg,1
https://i.redd.it/u97w3xhgojc61.png,1
https://i.redd.it/te3ubcfs2qe61.jpg,1
https://i.redd.it/upelgws73pe61.jpg,1
https://i.redd.it/4egglasdwoe61.jpg,1
https://i.redd.it/ugjn3a1heyd61.jpg,1
https://i.redd.it/i3l0lm8qvbb61.jpg,1
https://i.redd.it/upkxek8cohe61.png,1
https://i.redd.it/uiu2xomiioe61.png,1
https://i.redd.it/2xnmaxf70t961.jpg,1
https://i.redd.it/8ulqql155oe61.jpg,1
https://i.redd.it/381n3vrvuqe61.jpg,1
https://i.redd.it/e7lg4phavxd61.jpg,1
https://i.redd.it/1gklmme9kpe61.jpg,1
https://i.redd.it/c7y2bbmdtza61.jpg,1
https://i.redd.it/7915o23nfpe61.png,1
https://i.redd.it/6w3tsltu6zd61.jpg,1
https://i.redd.it/oazl4j7apqe61.jpg,1
https://i.redd.it/coek98990ie61.jpg,1
https://i.redd.it/tbxxa8b2epe61.png,1
https://i.redd.it/kjagkzb81qe61.png,1
https://i.redd.it/xxe60y2uvy961.jpg,1
https://i.redd.it/7zd595omsoe61.jpg,1
https://i.redd.it/z5reclaaeoe61.jpg,1
https://i.redd.it/m4l2lcn0uqe61.jpg,1
https://i.redd.it/y3cmyn5u7dc61.jpg,1
https://i.redd.it/l5slf1vfmz961.jpg,1
https://i.redd.it/qmmq5e2i0pe61.jpg,1
https://i.redd.it/vuzkgbs7csb61.jpg,1
https://i.redd.it/uvxqtnjcayd61.jpg,1
https://i.redd.it/mp88mxmtcyd61.jpg,1
https://i.redd.it/tvsmzzpfvs961.jpg,1
https://i.redd.it/ky0f55z4tya61.jpg,1
https://i.redd.it/07w9k7hl6yd61.jpg,1
https://i.redd.it/5q8nvwrjmoe61.jpg,1
https://i.redd.it/7koath4x4re61.jpg,1
https://i.redd.it/f6g096j19qe61.png,1
https://i.redd.it/7jgi2vgifoe61.jpg,1
https://i.redd.it/9jcgxk10yqe61.jpg,1
https://i.redd.it/sjy14b6bema61.png,1
https://i.redd.it/9ty00gbp0kb61.jpg,1
https://i.redd.it/ul905xu8hpe61.jpg,1
https://i.redd.it/7lkhx4rldlc61.jpg,1
https://i.redd.it/v86oah7jbpe61.jpg,1
https://i.redd.it/rclt160zbyd61.jpg,1
https://i.redd.it/whc63n2kmne61.jpg,1
https://i.redd.it/6pozzok0jcc61.jpg,1
https://i.redd.it/n9cur906zne61.png,1
https://i.redd.it/0k2y0553coe61.jpg,1
https://i.redd.it/yj2oe5n4z5b61.jpg,1
https://i.redd.it/ovsuw1wwwzd61.jpg,1
https://i.redd.it/7mdc0molixd61.png,1
https://i.redd.it/9syso0a08yd61.jpg,1
https://i.redd.it/337bmr0i2t961.jpg,1
https://i.redd.it/jwvojs079zd61.jpg,1
https://i.redd.it/4qa1lcrjnpe61.jpg,1
https://i.redd.it/496ot5vh2oe61.png,1
https://i.redd.it/7z3vej44uyd61.jpg,1
https://i.redd.it/pjwrpvubuza61.png,1
https://i.redd.it/4qu1wr2whlb61.jpg,1
https://i.imgur.com/0OSn1Pt.jpg,1
https://i.redd.it/urcd6xe8lne61.jpg,1
https://i.redd.it/orhphy3p1qe61.jpg,1
https://i.imgur.com/0IGGsFY.jpg,1
https://i.redd.it/nq5r97nuaqe61.jpg,1
https://i.redd.it/li29c6cc2lc61.png,1
https://i.redd.it/vkd7e0glsy961.jpg,1
https://i.redd.it/xnbrgs48uoe61.jpg,1
https://i.redd.it/7xz6vxekqbc61.png,1
https://i.redd.it/fnd7z3n2txd61.jpg,1
https://i.redd.it/wxxff9hnkoe61.jpg,1
https://i.redd.it/g1k878nnmoe61.jpg,1
https://i.redd.it/m79xz58wane61.jpg,1
https://i.redd.it/j6zvnosaika61.jpg,1
https://i.redd.it/3s36x87fooe61.jpg,1
https://i.redd.it/9qlfm70l5db61.jpg,1
https://i.redd.it/ubumpmy49pe61.jpg,1
https://i.redd.it/otc7vrhnrqe61.png,1
https://i.redd.it/pbvub1gccla61.jpg,1
https://i.redd.it/jwed662rbpe61.jpg,1
https://i.redd.it/9a6t1eibaqe61.jpg,1
https://i.redd.it/xnamp7ninpe61.jpg,1
https://www.imgur.com/pOBu9tv.jpg,1
https://i.redd.it/jqc1ch7zjne61.png,1
https://i.redd.it/kvnyvhq2zxa61.jpg,1
https://i.redd.it/a61708znxoe61.jpg,1
https://i.redd.it/xc6qgemkixd61.jpg,1
https://i.redd.it/dgr67jm1xoe61.jpg,1
https://i.redd.it/jkmi9lyagqe61.jpg,1
https://i.redd.it/zg4f9h1snoe61.png,1
https://i.redd.it/wbvvua9yare61.jpg,1
https://i.redd.it/k1damopl7pe61.jpg,1
https://i.redd.it/8f48mjxd9pe61.jpg,1
https://i.redd.it/hqoa237x2ne61.jpg,1
https://i.redd.it/xiv4rebc07a61.jpg,1
https://i.redd.it/48vss23bvne61.jpg,1
https://i.redd.it/kbznmmer00e61.jpg,1
https://i.redd.it/9l0ifvp0spe61.jpg,1
https://i.redd.it/d3c32rqvo5b61.jpg,1
https://i.redd.it/qbdpvzjyr4e61.jpg,1
https://i.redd.it/ksr07vj0vpe61.jpg,1
https://i.redd.it/a0bwq1c9zme61.jpg,1
https://i.redd.it/o53t0bbhdkb61.png,1
https://i.redd.it/20zszu5rw4b61.jpg,1
https://i.redd.it/d5w62p5p66a61.jpg,1
https://i.redd.it/3sinq1rt5re61.jpg,1
https://i.redd.it/8jgk64aqh4e61.jpg,1
https://i.redd.it/u9frz42b7oe61.jpg,1
https://i.redd.it/vn7gzfvsdyd61.jpg,1
https://i.redd.it/vdij93bdcqe61.jpg,1
https://i.redd.it/8utwunkqhs961.jpg,1
https://i.redd.it/rwzuiwl8qkc61.jpg,1
https://i.redd.it/u4rxt7zouyd61.png,1
https://i.redd.it/iabi7l8d1pe61.jpg,1
https://i.redd.it/xgzu4zrnlqe61.jpg,1
https://i.redd.it/wmqq3pxwcqe61.jpg,1
https://i.redd.it/8kqqw4c2dpe61.png,1
https://i.redd.it/x8prfptifpe61.png,1
https://i.redd.it/ezgvwo8n2re61.jpg,1
https://i.redd.it/1nfxr8ckezd61.jpg,1
https://i.redd.it/vz15hf2vvpe61.jpg,1
https://i.redd.it/al2kpcv1fyd61.jpg,1
https://i.redd.it/53xt7u1c7qe61.jpg,1
https://i.redd.it/h01ucdhlzne61.jpg,1
https://i.redd.it/spknnp52mhe61.jpg,1
https://i.redd.it/i0yndeq35u961.jpg,1
https://i.redd.it/pvyxeafllpe61.jpg,1
https://i.redd.it/9tl09jkatoe61.jpg,1
https://i.redd.it/g6xxkwm5fyd61.jpg,1
https://i.redd.it/rd498ag33db61.jpg,1
https://i.redd.it/s6optlwze4e61.png,1
https://i.redd.it/kxcpwmgcnqe61.jpg,1
https://i.redd.it/16b8gh8u6oe61.png,1
https://i.redd.it/emwjjn4ezkb61.jpg,1
https://i.redd.it/c9lhs6todcb61.jpg,1
https://i.redd.it/367wm64ilzd61.jpg,1
https://i.redd.it/y9dzpe1se4e61.jpg,1
https://i.redd.it/rrrtbx8qcyd61.png,1
https://i.redd.it/ee5a83732r961.jpg,1
https://i.redd.it/93f59eiijzd61.png,1
https://i.redd.it/mw5mltilrzd61.jpg,1
https://i.redd.it/qri3odin4hd61.jpg,0
https://i.redd.it/9lysshjz44e61.jpg,0
https://i.redd.it/f3uaropxdca61.jpg,0
https://i.redd.it/ypga8hhm5qe61.jpg,0
https://i.redd.it/0x082ugg61961.jpg,0
https://i.redd.it/v206oolzu0c61.jpg,0
https://i.redd.it/kk7pb9u2nlc61.png,0
https://i.redd.it/19yd4xnm2yb61.jpg,0
https://i.redd.it/9xhgy2ycky861.jpg,0
https://i.redd.it/n4t7yfk4wqe61.jpg,0
https://i.redd.it/kydqtom6c6c61.jpg,0
https://i.redd.it/pi8j8xikow961.png,0
https://i.redd.it/49ayv10u7be61.jpg,0
https://i.redd.it/m0g08mgvtg961.jpg,0
https://i.redd.it/cg8d4h819pd61.jpg,0
https://i.redd.it/ipho95jmghe61.jpg,0
https://i.redd.it/4v7uihrodyc61.png,0
https://i.redd.it/op6fut33gbe61.jpg,0
https://i.redd.it/1sup51wmbod61.jpg,0
https://i.redd.it/uz75al2ee6e61.jpg,0
https://i.redd.it/q2l1gtqftq961.png,0
https://i.redd.it/wgkh7q8aozd61.jpg,0
https://i.redd.it/grq34ganuxc61.jpg,0
https://i.redd.it/3l1i8rlvbdd61.jpg,0
https://i.redd.it/t7zbna1e7d961.jpg,0
https://i.redd.it/z1pz009s03e61.jpg,0
https://i.redd.it/vdhkla4jl4e61.jpg,0
https://i.redd.it/qwljr56spab61.jpg,0
https://i.redd.it/96ootuk4dwb61.png,0
https://i.redd.it/utxlylnvxcd61.png,0
https://i.redd.it/5sgh68ma48c61.jpg,0
https://i.redd.it/4a13fpcnwie61.jpg,0
https://i.redd.it/4ybgubsxtwb61.jpg,0
https://i.redd.it/v7vq25h10hc61.png,0
https://i.redd.it/er95xb8ib5e61.jpg,0
https://i.redd.it/5jvfdol1pca61.jpg,0
https://i.redd.it/z502bi6ds3961.jpg,0
https://i.redd.it/a6ex3qja4hc61.png,0
https://i.redd.it/72z5wwhmfc961.jpg,0
https://i.redd.it/mylqoquwnzc61.jpg,0
https://i.redd.it/6u3dc8o98fe61.jpg,0
https://i.redd.it/vslswj7mcie61.jpg,0
https://i.redd.it/a4h4vbqouca61.png,0
https://i.redd.it/wz7jy7lae9e61.jpg,0
https://i.redd.it/kpoghmuavae61.jpg,0
https://i.redd.it/ja9qttaniie61.jpg,0
https://i.imgur.com/7hHPQ6O.jpg,0
https://i.redd.it/pimrp9m31he61.jpg,0
https://i.redd.it/q0rlx9oicpd61.png,0
https://i.redd.it/pkiodyjx6h961.jpg,0
https://i.redd.it/5d2mj91lg4c61.jpg,0
https://i.redd.it/vpuewq4sbjd61.jpg,0
https://i.redd.it/32sqig86wbd61.jpg,0
https://i.redd.it/k9par0klrbd61.png,0
https://i.redd.it/znn66ad8doe61.jpg,0
https://i.redd.it/0io47lf1k9e61.jpg,0
https://i.redd.it/2anh98daw3e61.jpg,0
https://i.redd.it/ycqp0c1mlyd61.jpg,0
https://i.redd.it/e4keblo2cjb61.png,0
https://i.redd.it/jn7rgqcfzwd61.png,0
https://i.redd.it/6rtf4ox13id61.jpg,0
https://i.redd.it/l0b0nwwo4be61.jpg,0
https://i.redd.it/9nwg8owdhzb61.png,0
https://i.redd.it/mon21h15d5e61.jpg,0
https://i.redd.it/i9lwtquvqie61.jpg,0
https://i.redd.it/5o6y3yekz9e61.jpg,0
https://i.redd.it/kkmw1gpzzad61.jpg,0
https://i.redd.it/4t8e9zuxz5a61.jpg,0
https://i.redd.it/rq37cdtndid61.jpg,0
https://i.redd.it/im177wiac3e61.png,0
https://i.redd.it/gvol8t4fxwb61.jpg,0
https://i.redd.it/6euiinwn3ic61.png,0
https://i.redd.it/4d9pw008hid61.jpg,0
https://i.redd.it/6j6p7afv0qe61.png,0
https://i.redd.it/t1faov9shvc61.jpg,0
https://i.redd.it/jct4pjjd58e61.jpg,0
https://i.redd.it/nlfizjvjkgc61.jpg,0
https://i.redd.it/a7uprzr5x0b61.jpg,0
https://i.redd.it/racf4nw5v3e61.jpg,0
https://i.redd.it/tpc8rbwal2c61.jpg,0
https://i.redd.it/9yq2qkuqdae61.png,0
https://i.redd.it/yp0usyw0g2d61.jpg,0
https://i.redd.it/sqmpnnaqu9d61.jpg,0
https://i.redd.it/fo9je6dxfgd61.jpg,0
https://i.redd.it/1jbg85s2u8e61.png,0
https://i.redd.it/x7oggfrzgjd61.png,0
https://i.redd.it/6d7t4gsr8vc61.jpg,0
https://i.redd.it/uhlusxg80de61.jpg,0
https://i.redd.it/ypwk1517sie61.jpg,0
https://i.redd.it/l03lff5p3qa61.jpg,0
https://i.redd.it/m5a8vgdc3le61.png,0
https://i.redd.it/lqswym2euid61.jpg,0
https://i.redd.it/7npzzohgdxd61.jpg,0
https://i.redd.it/fb0hqzlqqjc61.jpg,0
https://i.redd.it/fc94dwd1dae61.jpg,0
https://i.redd.it/obmvx2t4hke61.jpg,0
https://i.redd.it/d3aldca75le61.jpg,0
https://i.redd.it/u9m01a26l7e61.jpg,0
https://i.redd.it/3ndbwfj3shd61.jpg,0
https://i.redd.it/zv6n2kq58yb61.png,0
https://i.redd.it/f0djzwecp6e61.jpg,0
https://i.redd.it/x3572u4bmle61.jpg,0
https://i.redd.it/avmvvumz12a61.jpg,0
https://i.redd.it/4qzmpqi4sx961.jpg,0
https://i.redd.it/ouedbpop0be61.jpg,0
https://i.redd.it/07iyp9uc34c61.png,0
https://i.redd.it/00ojmy4lfkd61.jpg,0
https://i.redd.it/wzqy08y6k4e61.jpg,0
https://i.redd.it/xfk1ftal9sc61.jpg,0
https://i.redd.it/gvllzid62aa61.jpg,0
https://i.redd.it/ue8rkuhy30b61.jpg,0
https://i.redd.it/acin6el7iee61.jpg,0
https://i.redd.it/969bq5x132c61.jpg,0
https://i.redd.it/6aybb9h7ife61.jpg,0
https://i.redd.it/cz9pf732mq961.jpg,0
https://i.redd.it/vy538v47m5e61.jpg,0
https://i.redd.it/2t2go7o9t9e61.jpg,0
https://i.redd.it/2gdgzvyzsgd61.png,0
https://i.redd.it/e0bn1tk0leb61.jpg,0
https://i.redd.it/yuia3otvjoe61.jpg,0
https://i.redd.it/hg3bxsk7x7c61.jpg,0
https://i.redd.it/thi2r1co5ae61.jpg,0
https://i.redd.it/r232fp2pd3e61.jpg,0
https://i.redd.it/47qxf426jme61.jpg,0
https://i.redd.it/08yxi4a77tc61.png,0
https://i.redd.it/5zh7wsd39ja61.jpg,0
https://i.redd.it/yct7tdbzq9e61.jpg,0
https://i.redd.it/wgjg0mv359a61.jpg,0
https://i.redd.it/21ozkxps3u861.jpg,0
https://i.redd.it/6lefne0fp8e61.jpg,0
https://i.redd.it/y36qctcchle61.jpg,0
https://i.redd.it/oir9jz9zq3e61.jpg,0
https://i.redd.it/ys5o12pkb0c61.jpg,0
https://i.imgur.com/4j2wqF9.jpg,0
https://i.redd.it/6o041onxjfe61.jpg,0
https://i.redd.it/sqd3iyilc3e61.jpg,0
https://i.redd.it/kga8l1zysae61.jpg,0
https://i.redd.it/yrfe9xo6wjc61.jpg,0
https://i.redd.it/u648nboyr2e61.jpg,0
https://i.redd.it/426m7t1tt5d61.jpg,0
https://i.redd.it/dd63rpz21re61.jpg,0
https://i.redd.it/rrbm52xzgce61.jpg,0
https://i.redd.it/k194jm83wlc61.jpg,0
https://i.redd.it/4g7wuv2c64d61.png,0
https://i.redd.it/d0qc1nn0pp961.jpg,0
https://i.redd.it/d5z1pzabc4e61.png,0
https://i.redd.it/l281c71ivda61.jpg,0
https://i.redd.it/m1tlyucj4zd61.jpg,0
https://i.redd.it/hgn2kxgyzbe61.jpg,0
https://i.redd.it/e1kgr10ty0e61.jpg,0
https://i.imgur.com/pJ1nunP.jpg,0
https://i.redd.it/x2vuiae1hne61.jpg,0
https://i.redd.it/kohf0bgx3u961.jpg,0
https://i.redd.it/p1201p78ybc61.jpg,0
https://i.redd.it/7u7y1p07vae61.png,0
https://i.redd.it/tlb6mv7jjke61.jpg,0
https://i.redd.it/9vrcxvre6bc61.jpg,0
https://i.redd.it/8qwmz4je2ga61.jpg,0
https://i.redd.it/w0fwlyjci4e61.jpg,0
https://i.redd.it/nnv54kwmqbe61.jpg,0
https://i.redd.it/0inib1rwkpa61.jpg,0
https://i.redd.it/8zgtzti8gce61.jpg,0
https://i.redd.it/r9nyht3xzge61.jpg,0
https://i.redd.it/o3smn44f89e61.jpg,0
https://i.redd.it/nlxr2b0so2e61.jpg,0
https://i.redd.it/ojxqmr8vm4b61.jpg,0
https://i.redd.it/d64qwkkftu861.jpg,0
https://i.redd.it/aiwu2wbh7ne61.jpg,0
https://i.redd.it/eexhpcgt7bc61.png,0
https://i.redd.it/iravbn8h07e61.png,0
https://i.redd.it/t4ixzmp285e61.jpg,0
https://i.redd.it/trfat21nwde61.png,0
https://i.redd.it/o16g8akjh4e61.jpg,0
https://i.redd.it/jrabfjdh1qb61.jpg,0
https://i.redd.it/zzmoufof0ae61.jpg,0
https://i.redd.it/publwk4nu3c61.jpg,0
https://i.redd.it/85ji85kckpd61.png,0
https://i.redd.it/bqozq39fjce61.jpg,0
https://i.redd.it/zli7u5qtfsc61.png,0
https://i.redd.it/4fm7qqysd8e61.jpg,0
https://i.redd.it/cuebfog0slc61.png,0
https://i.redd.it/lqa5qxxh2qe61.jpg,0
https://i.redd.it/lwxizm894pe61.jpg,0
https://i.redd.it/jxe9b974uge61.jpg,0
https://i.redd.it/lz5eiixhd9c61.jpg,0
https://i.redd.it/bt7t57vgw7e61.jpg,0
https://i.redd.it/ertyh95znxa61.jpg,0
https://i.redd.it/s4zg1dr5v7e61.jpg,0
https://i.redd.it/eks8rnez3gb61.jpg,0
https://i.imgur.com/7sbbTiG.png,0
https://i.redd.it/bxgddspxr1e61.jpg,0
https://i.redd.it/8fw59klsl3e61.jpg,0
https://i.redd.it/6pvuha5to3e61.jpg,0
https://i.redd.it/p5egispb5de61.jpg,0
https://i.imgur.com/VpksTr3.jpg,0
https://i.redd.it/za5r4xe17h961.jpg,0
https://i.redd.it/lghgh4qq6ic61.jpg,0
https://i.redd.it/9b4zt2you2e61.jpg,0
https://i.redd.it/i8r2uvhyeae61.png,0
https://i.redd.it/5dy843re04e61.jpg,0
https://i.redd.it/5aokrf9tp3e61.jpg,0
https://i.redd.it/zca4lrawafe61.jpg,0
https://i.redd.it/fbc6jg4645b61.jpg,0
https://i.redd.it/wdpsg294w3e61.png,0
https://i.redd.it/9p97fcdzh0d61.jpg,0
https://i.redd.it/oa6qul80egd61.jpg,0
https://i.redd.it/x0ei5lk3zed61.jpg,0
https://i.redd.it/ca5s3d8s5pc61.png,0
https://i.redd.it/bcw6j08lkme61.png,0
https://i.redd.it/ur8a6mu7i5e61.jpg,0
https://i.redd.it/3ja0w9ozdv961.jpg,0
https://i.redd.it/c2hx4tp1u3e61.png,0
https://i.redd.it/mt37b0d044e61.png,0
https://i.redd.it/2vu7klo6cyd61.jpg,0
https://i.redd.it/jasp76bb5ce61.jpg,0
https://i.redd.it/kslb6wa3b5e61.jpg,0
https://i.redd.it/iwmets53v6e61.jpg,0
https://i.redd.it/herjmqn9ohd61.jpg,0
https://i.redd.it/i4lbid21i3e61.jpg,0
https://i.redd.it/9wbsr15bzoc61.jpg,0
https://i.redd.it/1hr8kupktg961.jpg,0
https://i.redd.it/o14anc9h05a61.jpg,0
https://i.redd.it/3e8m2px5u7b61.jpg,0
https://i.redd.it/wyqqfox4lyc61.png,0
https://i.redd.it/qqgg5uj5zid61.jpg,0
https://i.redd.it/aw7v08sdlxb61.jpg,0
https://i.redd.it/fmj03posdce61.jpg,0
https://i.redd.it/vk3iwjj2nee61.jpg,0
https://i.redd.it/usypawlp8re61.jpg,0
https://i.redd.it/2oyiy0vzhfe61.jpg,0
https://i.redd.it/i5i2x18z5me61.jpg,0
https://i.redd.it/9blhd0a2u5961.jpg,0
https://i.redd.it/jxifp8imbhe61.png,0
https://i.redd.it/5vfg0edobjb61.jpg,0
https://i.redd.it/g7yfzq95po861.jpg,0
https://i.redd.it/2jscohaxcqa61.jpg,0
https://i.redd.it/7o002hbtihe61.jpg,0
https://i.redd.it/s565wpgibaa61.jpg,0
https://i.redd.it/yh8y6t26fmb61.jpg,0
https://i.redd.it/yix5d6sddae61.jpg,0
https://i.redd.it/0lxvug3llda61.jpg,0
https://i.redd.it/bi33nu729fe61.png,0
https://i.redd.it/zxgtgxm8wn961.jpg,0
https://i.redd.it/jghpuqj04gd61.png,0
